Nombre,Teléfono,Sitio Web,Dirección,Rating,Total Reseñas,ZIP Code
Salon Mayfair,(414) 793-5343,http://salonmayfair.com/,"10633 W North Ave, Wauwatosa, WI 53226, USA",4.7,175.0,53226
Trend Salon,(414) 777-0750,http://trendsalontosa.com/,"12229 W North Ave, Wauwatosa, WI 53226, USA",4.9,632.0,53226
Metamorphosis Salon & Spa,(414) 778-0098,http://metamorphosisll.com/,"11533 W North Ave, Wauwatosa, WI 53226, USA",4.8,37.0,53226
Shine Salon,(414) 335-0144,http://www.shinesalontosa.com/,"8851 W North Ave, Wauwatosa, WI 53226, USA",4.8,29.0,53226
Harmony Salon and Spa,(414) 258-2285,https://www.vagaro.com/harmonysalonspa/,"2312 N Lefeber Ave #1218, Wauwatosa, WI 53213, USA",4.8,53.0,53226
Harwood Hair Company,(414) 453-4672,https://harwoodhaircompany.com/,"7430 Harwood Ave, Wauwatosa, WI 53213, USA",4.6,60.0,53226
The Audubon - An Aveda Salon,(414) 258-4744,http://www.theaudubonsalon.com/,"8735 W North Ave, Wauwatosa, WI 53226, USA",4.8,198.0,53226
AM Luxe Salon,,,"2265 N Mayfair Rd Suite 13, Wauwatosa, WI 53226, USA",4.9,53.0,53226
Roots Salon,(414) 533-6717,https://www.myrootssalon.com/,"7450 W State St, Wauwatosa, WI 53213, USA",4.1,229.0,53226
Beauty Mark Salon,(414) 897-7178,,"6435 W North Ave, Wauwatosa, WI 53213, USA",4.9,12.0,53226
DTANGLD HAIR SALON SUITE,(414) 217-4468,http://www.dtangld.com/,"2380 N 124th St #102, Milwaukee, WI 53226, USA",4.9,7.0,53226
Beauty Syntral,(414) 600-1395,http://beautysyntral.com/,"3707 N 92nd St, Milwaukee, WI 53222, USA",4.9,59.0,53226
Sola Salon Studios,(414) 350-3196,https://www.solasalonstudios.com/locations/wauwatosa?utm_source=gmb&utm_medium=organic,"2265 N Mayfair Rd, Wauwatosa, WI 53226, USA",5.0,4.0,53226
All About Hair,(414) 476-6664,https://michellekeenanhair.glossgenius.com/,"1506 Underwood Ave, Wauwatosa, WI 53213, USA",4.8,29.0,53226
Gleaux Beauty Bar,(262) 505-4105,https://gleaux-beauty-bar.square.site/,"2380 N 124th St #201, Wauwatosa, WI 53226, USA",5.0,29.0,53226
Fusion Beauty Lounge,(414) 871-1999,,"9100 W Burleigh St, Milwaukee, WI 53222, USA",4.7,22.0,53226
R.A. Salon & Suites,(414) 368-9398,,"10625 W North Ave Suite 100, Wauwatosa, WI 53226, USA",5.0,4.0,53226
Golden Wave Hair Salon,,https://www.goldenwavesalon.com/,"124 N 76th St, Milwaukee, WI 53213, USA",5.0,41.0,53226
A Head of Times,(414) 476-2535,,"11512 W Bluemound Rd, Milwaukee, WI 53226, USA",5.0,20.0,53226
Elegance Beauty Salon,(414) 435-0709,,"5304 W Greenfield Ave, West Milwaukee, WI 53214, USA",4.5,58.0,53226
S.A.L.T Studio - Madelyn Rose,(414) 517-2278,https://madelynrose.glossgenius.com/,"2265 N Mayfair Rd, Wauwatosa, WI 53226, USA",4.9,39.0,53226
Pure Salon And Day Spa,(262) 309-3535,,"west 53226, 11607 W Bluemound Rd, Wauwatosa, WI 53226, USA",4.2,6.0,53226
Forever Hair,(414) 771-6413,,"10625 W North Ave, Wauwatosa, WI 53226, USA",4.7,19.0,53226
Salon A Bella,(414) 476-9095,,"11702 W North Ave, Milwaukee, WI 53226, USA",5.0,9.0,53226
Mode Hair Salon,,,"2751 N Mayfair Rd Suite E, Wauwatosa, WI 53222, USA",5.0,3.0,53226
The Hair Sorceress by Isabela Dominguez,(414) 368-9015,https://linktr.ee/thehairsorceressmke,"2265 N Mayfair Rd Suite 19, Wauwatosa, WI 53226, USA",5.0,15.0,53226
Mr Dino's Hairstylists,(414) 258-5220,https://web.facebook.com/mrdinossalon/,"2500 N Mayfair Rd, Wauwatosa, WI 53226, USA",4.4,275.0,53226
Kookai Hair Salon,(414) 367-9265,,"7815 W Burleigh St, Milwaukee, WI 53222, USA",5.0,56.0,53226
Era Hair Collective,(414) 405-4865,https://www.erahaircollective.com/,"2713 N 92nd St, Milwaukee, WI 53222, USA",5.0,23.0,53226
JHADE by Pang Vang LLC,(920) 471-0437,http://pangvangllc.com/,"9201 W Bluemound Rd, Milwaukee, WI 53226, USA",4.8,58.0,53226
Aveda Salon,(414) 453-4672,https://www.aveda.com/,"7430 Harwood Ave, Wauwatosa, WI 53213, USA",5.0,2.0,53226
Glazed Beauty Bar,(262) 346-1777,https://glazedbeautybar.glossgenius.com/,"10625 W North Ave Suite 100, Wauwatosa, WI 53226, USA",5.0,48.0,53226
Hair'em Salon of Beaute' Inc,(414) 476-5959,,"624 S 92nd St, Milwaukee, WI 53214, USA",4.9,14.0,53226
WhimsiKidz,(414) 231-9212,http://whimsikidz.square.site/,"11747 W North Ave, Wauwatosa, WI 53226, USA",4.8,201.0,53226
Dev’s Beauty Studio,(414) 914-0059,https://book.squareup.com/appointments/peo38z57hs93pj/location/LV4ND3EZ48QEY/services?fbclid=PAQ0xDSwKu2e9leHRuA2FlbQIxMAABp7cfSBJlI2nzDBUsTIRlmQm7yOjROi4LQjHuqbIlKCgm6NIq9nbnFn2RXAGY_aem_j5sbG-wYeXY2cg0JHUgnvA,"2265 N Mayfair Rd Ste 10, Wauwatosa, WI 53226, USA",5.0,12.0,53226
VX Beauty Salon,,https://www.facebook.com/VXSalon?mibextid=LQQJ4d,"10701 W North Ave ste 212, Wauwatosa, WI 53226, USA",,,53226
Salon Flo LLC,(414) 213-6939,,"5120 W Blue Mound Rd, Milwaukee, WI 53208, USA",5.0,40.0,53226
LUXX CODE (beauty & brows),(262) 365-4396,,"11712 W North Ave, Wauwatosa, WI 53226, USA",5.0,4.0,53226
Exquisite Threading Wauwatosa,(414) 258-4444,http://www.exquisitethreading.com/,"2727 N Mayfair Rd C, Wauwatosa, WI 53226, USA",4.3,478.0,53226
KBK Hair Designs,(414) 628-4089,https://www.vagaro.com/us04/kbkhairdesigns,"530 N 108th Pl #201, Milwaukee, WI 53226, USA",5.0,12.0,53226
Platinum Salon,,https://www.platinumsalontosa.com/,"7212 W State St, Wauwatosa, WI 53213, USA",4.6,24.0,53226
Celebrity Status Barber & Beauty,(414) 808-0018,https://celebritystatusmkemayfair.com/,"2500 N Mayfair Rd, Wauwatosa, WI 53226, USA",3.5,89.0,53226
Paul Mitchell The School Milwaukee,(262) 549-3100,https://paulmitchell.edu/milwaukee?utm_source=gbp_listing&utm_medium=organic,"11415 W Burleigh St Suite 107, Wauwatosa, WI 53222, USA",4.6,411.0,53226
A Fresher Image Salon,(262) 457-9486,https://afresherimage.wixsite.com/mysite,"9215 W Center St, Milwaukee, WI 53222, USA",4.3,17.0,53226
Olive & Oak Hair Co,(414) 403-5124,,"8320 W Bluemound Rd, Wauwatosa, WI 53213, USA",5.0,1.0,53226
Hnubhli Designs,(414) 213-5916,http://www.hnubhlidesigns.com/,"10600 W Bluemound Rd Unit 3, Wauwatosa, WI 53226, USA",4.7,27.0,53226
Wink Browtique Wauwatosa,(414) 885-2607,https://winkbrowtique.com/,"2336 N 124th St, Wauwatosa, WI 53226, USA",4.8,489.0,53226
Cheveux,(262) 456-1601,http://www.cheveuxbrookfield.com/,"2425 N 124th St Suite I, Brookfield, WI 53005, USA",4.8,132.0,53226
Hello Sugar | Wauwatosa Central - Brazilian Wax & Sugar Salon,(414) 441-4446,https://www.hellosugar.salon/wi-wauwatosa-central,"2265 N Mayfair Rd, Wauwatosa, WI 53226, USA",4.8,212.0,53226
Colleen's Hair Care,(414) 774-2099,https://m.facebook.com/pages/Colleens-Hair-Care/127975577249317,"229 N 76th St, Milwaukee, WI 53213, USA",4.8,26.0,53226
Butterfly Beauty,(414) 688-1207,https://nickilaporte.glossgenius.com/,"2265 N Mayfair Rd, Wauwatosa, WI 53226, USA",,,53226
S.A.L.T Studio - Jeanette Schneider,(414) 940-1613,https://jeanettesaltstudio.glossgenius.com/,"2265 N Mayfair Rd, Wauwatosa, WI 53226, USA",5.0,6.0,53226
Ulta Beauty,(414) 258-6581,https://www.ulta.com/stores/wauwatosa-wi-605,"11500 W Burleigh St Spc C, Wauwatosa, WI 53222, USA",4.3,387.0,53226
Scorpio's Hair Salon,(414) 731-1107,https://scorpios-hair-salon.square.site/,"1110 N 117th St, Wauwatosa, WI 53226, USA",,,53226
Salon Ninetyone18,(414) 722-4276,,"9118 W Center St, Milwaukee, WI 53222, USA",4.8,37.0,53226
The Mane Collective,(262) 994-8163,https://themanecollectiveizzy.glossgenius.com/services,"2265 N Mayfair Rd, Wauwatosa, WI 53226, USA",5.0,10.0,53226
Supercuts,(414) 257-3346,https://www.supercuts.com/locations/nearme/haircut/wi/milwaukee/6810-w-state-st/82253,"6810 W State St, Milwaukee, WI 53213, USA",4.8,687.0,53226
Beauty By Celeste Mystique,(414) 530-4592,https://beautybycelestemystique.square.site/,"2713 N 92nd St, Milwaukee, WI 53222, USA",,,53226
Good Head Hair co,(414) 595-1210,https://goodheadhairco.square.site/,"11512 W Bluemound Rd, Wauwatosa, WI 53226, USA",,,53226
Connie's Color Cut With Style,(414) 259-8989,,"11607 W Bluemound Rd # 103, Milwaukee, WI 53226, USA",5.0,2.0,53226
Beauty Syntral,(414) 600-1395,http://beautysyntral.com/,"3707 N 92nd St, Milwaukee, WI 53222, USA",4.9,59.0,53222
Kookai Hair Salon,(414) 367-9265,,"7815 W Burleigh St, Milwaukee, WI 53222, USA",5.0,56.0,53222
Fusion Beauty Lounge,(414) 871-1999,,"9100 W Burleigh St, Milwaukee, WI 53222, USA",4.7,22.0,53222
DTANGLD HAIR SALON SUITE,(414) 217-4468,http://www.dtangld.com/,"2380 N 124th St #102, Milwaukee, WI 53226, USA",4.9,7.0,53222
Color Me Glo,(262) 247-2744,,"7815 W Burleigh St, Milwaukee, WI 53222, USA",5.0,147.0,53222
Era Hair Collective,(414) 405-4865,https://www.erahaircollective.com/,"2713 N 92nd St, Milwaukee, WI 53222, USA",5.0,23.0,53222
Trend Salon,(414) 777-0750,http://trendsalontosa.com/,"12229 W North Ave, Wauwatosa, WI 53226, USA",4.9,633.0,53222
Salon Ninetyone18,(414) 722-4276,,"9118 W Center St, Milwaukee, WI 53222, USA",4.8,37.0,53222
Vision Of Beauty Studio,(414) 301-1416,https://visionofbeautystudio.glossgenius.com/,"6222 W Capitol Dr Suite 201, Milwaukee, WI 53216, USA",5.0,4.0,53222
Salon Mayfair,(414) 793-5343,http://salonmayfair.com/,"10633 W North Ave, Wauwatosa, WI 53226, USA",4.7,175.0,53222
AM Luxe Salon,,,"2265 N Mayfair Rd Suite 13, Wauwatosa, WI 53226, USA",4.9,53.0,53222
Fresh Coast Hair Company,(414) 459-9795,https://www.freshcoasthaircompany.com/,"11415 W Burleigh St, Wauwatosa, WI 53222, USA",5.0,50.0,53222
Metamorphosis Salon & Spa,(414) 778-0098,http://metamorphosisll.com/,"11533 W North Ave, Wauwatosa, WI 53226, USA",4.8,37.0,53222
MARLISSA'S TOUCH,(414) 935-2531,https://marlissastouch.square.site/,"3102 N 78th St, Milwaukee, WI 53222, USA",5.0,3.0,53222
B BlackBeauty LLC,(414) 210-0008,http://styleseat.com/bblackbeauty,"11415 W Burleigh St, Wauwatosa, WI 53222, USA",5.0,3.0,53222
African Hair Braiding Nicky,(414) 444-8325,https://africanhairbraidingnicky.gilgalbyte.com/,"3716 N 92nd St, Milwaukee, WI 53222, USA",5.0,12.0,53222
IMAGE Studios Salon Suites - Wauwatosa,(414) 207-4854,https://www.imagestudios360.com/wauwatosa-wi/,"11415 W Burleigh St, Wauwatosa, WI 53222, USA",5.0,24.0,53222
Sacred Glow Studio,(414) 436-0894,https://sacredglowstudio.glossgenius.com/,"Image Studios, 11415 W Burleigh St, Milwaukee, WI 53222, USA",5.0,2.0,53222
Hairway to Heaven LLC,(608) 790-4588,https://www.makaylahairwaytoheaven.com/,"Image Studios, 11415 W Burleigh St Suite 111, Wauwatosa, WI 53222, USA",5.0,7.0,53222
It's A Secret Hair Studios,(414) 461-4631,,"4479 N 76th St, Milwaukee, WI 53218, USA",4.7,6.0,53222
Harmony Salon and Spa,(414) 258-2285,https://www.vagaro.com/harmonysalonspa/,"2312 N Lefeber Ave #1218, Wauwatosa, WI 53213, USA",4.8,53.0,53222
The Audubon - An Aveda Salon,(414) 258-4744,http://www.theaudubonsalon.com/,"8735 W North Ave, Wauwatosa, WI 53226, USA",4.8,198.0,53222
Ulta Beauty,(414) 258-6581,https://www.ulta.com/stores/wauwatosa-wi-605,"11500 W Burleigh St Spc C, Wauwatosa, WI 53222, USA",4.3,388.0,53222
Artistry of Braiding,(414) 999-5226,https://artistryofbraiding.glossgenius.com/,"9100 W Burleigh St Suite 1, Milwaukee, WI 53222, USA",4.9,92.0,53222
Value Beauty Supply,(414) 393-9729,,"7713 W Capitol Dr, Milwaukee, WI 53222, USA",4.1,690.0,53222
Annies Salon,(414) 464-7670,,"10111 W Capitol Dr, Milwaukee, WI 53222, USA",4.6,7.0,53222
Tiara Beauty Salon,(414) 444-6940,,"7721 W Burleigh St, Milwaukee, WI 53222, USA",5.0,3.0,53222
Sweet Locs By Candy,(414) 520-3752,http://www.sweetlocsbycandy.com/,"11415 W Burleigh St suite 126, Wauwatosa, WI 53222, USA",4.8,34.0,53222
A Fresher Image Salon,(262) 457-9486,https://afresherimage.wixsite.com/mysite,"9215 W Center St, Milwaukee, WI 53222, USA",4.3,17.0,53222
Shine Salon,(414) 335-0144,http://www.shinesalontosa.com/,"8851 W North Ave, Wauwatosa, WI 53226, USA",4.8,29.0,53222
Sola Salon Studios,(414) 350-3196,https://www.solasalonstudios.com/locations/wauwatosa?utm_source=gmb&utm_medium=organic,"2265 N Mayfair Rd, Wauwatosa, WI 53226, USA",5.0,4.0,53222
Ebony Queen III Beauty Salon,(414) 438-6725,http://ebony-salon.edan.io/,"7526 W Appleton Ave, Milwaukee, WI 53216, USA",4.7,50.0,53222
Beauty By Celeste Mystique,(414) 530-4592,https://beautybycelestemystique.square.site/,"2713 N 92nd St, Milwaukee, WI 53222, USA",,,53222
SJ Beauty Suites,,,"8528 W Lisbon Ave, Milwaukee, WI 53222, USA",4.0,4.0,53222
Ten:Eleven Hair and Beauty Lounge LLC,(414) 885-3770,,"8106 W Appleton Ave, Milwaukee, WI 53218, USA",4.7,12.0,53222
Fresh Coast Hair Company,(414) 459-9795,https://www.freshcoasthaircompany.com/,"once inside, 11415 W Burleigh St Suite 111 Suite 101, Wauwatosa, WI 53222, USA",5.0,24.0,53222
Uniquee Stylez Salon,(262) 894-7665,https://bookwithchynnaa.as.me/,"8409 W Lisbon Ave, Milwaukee, WI 53222, USA",3.7,3.0,53222
Mode Hair Salon,,,"2751 N Mayfair Rd Suite E, Wauwatosa, WI 53222, USA",5.0,3.0,53222
hair boutique in Milwaukee,(888) 993-7215,,"7833 W Capitol Dr, Milwaukee, WI 53222, USA",1.0,1.0,53222
Hair Persona,(414) 517-1472,,"7807 W Burleigh St, Milwaukee, WI 53222, USA",5.0,7.0,53222
Rooted Wellness + Beauty Collective LLC,(414) 731-0098,http://rootedwellnessandbeauty.square.site/,"N 85th St, Milwaukee, WI 53222, USA",4.8,16.0,53222
Paul Mitchell The School Milwaukee,(262) 549-3100,https://paulmitchell.edu/milwaukee?utm_source=gbp_listing&utm_medium=organic,"11415 W Burleigh St Suite 107, Wauwatosa, WI 53222, USA",4.6,412.0,53222
Beauty Bar by Whitney Milwaukee,(414) 837-8558,http://www.beautybarbywhitney.com/,"7009 W Capitol Dr, Milwaukee, WI 53216, USA",4.1,13.0,53222
Nefertari Beauty & Barber Boutique,(414) 372-1100,,"8516 W Lisbon Ave, Milwaukee, WI 53225, USA",4.8,13.0,53222
Royal Crowns n Kinks - Knotless Hair Braider,(414) 604-6473,http://www.royalcrownsnkinks.com/,"12201 W Burleigh St Suite 11, Wauwatosa, WI 53222, USA",4.8,37.0,53222
Jingorejuvenated,(414) 737-0577,https://www.jingorejuvenated.com/,"9226 W Burleigh St, Milwaukee, WI 53216, USA",5.0,5.0,53222
Fab-U-Looks Hair Salon,(414) 885-1059,,"8426 W Lisbon Ave, Milwaukee, WI 53222, USA",4.1,7.0,53222
In the Spotlight,(414) 467-3101,,"7930 W Burleigh St, Milwaukee, WI 53222, USA",4.7,31.0,53222
All About Hair,(414) 476-6664,https://michellekeenanhair.glossgenius.com/,"1506 Underwood Ave, Wauwatosa, WI 53213, USA",4.8,29.0,53222
Mata African Hair Braiding,(414) 453-5458,,"7632 W Lisbon Ave, Milwaukee, WI 53222, USA",4.0,33.0,53222
Cheveux,(262) 456-1601,http://www.cheveuxbrookfield.com/,"2425 N 124th St Suite I, Brookfield, WI 53005, USA",4.8,132.0,53222
External Beauty,(414) 226-5932,,"7831 W Burleigh St, Milwaukee, WI 53222, USA",5.0,3.0,53222
Ohana Salon,(262) 330-8056,https://usmapiz.org/details/ohana-salon-ChIJfdo,"3055 N 124th St, Brookfield, WI 53005, USA",5.0,17.0,53222
Salon Flo LLC,(414) 213-6939,,"5120 W Blue Mound Rd, Milwaukee, WI 53208, USA",5.0,40.0,53222
Capre' Stylez LLC,(414) 372-1100,,"8516 W Lisbon Ave a, Milwaukee, WI 53225, USA",5.0,10.0,53222
Mr Dino's Hairstylists,(414) 258-5220,https://web.facebook.com/mrdinossalon/,"2500 N Mayfair Rd, Wauwatosa, WI 53226, USA",4.4,275.0,53222
Exquisite Threading Wauwatosa,(414) 258-4444,http://www.exquisitethreading.com/,"2727 N Mayfair Rd C, Wauwatosa, WI 53226, USA",4.3,478.0,53222
Hall Of Faith Hair Studios,(414) 520-5042,,"7842 W Appleton Ave, Milwaukee, WI 53218, USA",5.0,11.0,53222
King's Barber & Beauty Shop,(414) 882-7005,http://kingthebarber.com/,"9101 W Lisbon Ave, Milwaukee, WI 53222, USA",4.6,48.0,53222
Nai’allure Beauty,(414) 766-4284,https://naiallure.square.site/,"11220 W Burleigh St, Wauwatosa, WI 53222, USA",5.0,5.0,53222
